{
  "gates": [
    {
      "gate": "G0",
      "id": "G0",
      "name": "G0",
      "decision": "NEEDS_THRESHOLD",
      "reasons": null,
      "artifacts": [
        ".\\run_20251005_1336\\audit\\G0\\anomalies_sample_ds.csv",
        ".\\run_20251005_1336\\audit\\G0\\data_health.json",
        ".\\run_20251005_1336\\audit\\G0\\duplicates_sample_ds.csv",
        ".\\run_20251005_1336\\audit\\G0\\g0_report.md",
        ".\\run_20251005_1336\\audit\\G0\\gaps_sample_ds.csv",
        ".\\run_20251005_1336\\audit\\G0\\issues_sample_ds.csv",
        ".\\run_20251005_1336\\audit\\G0\\leakage_sample_ds.csv"
      ]
    },
    {
      "gate": "G1",
      "id": "G1",
      "name": "G1",
      "decision": "NEEDS_THRESHOLD",
      "reasons": null,
      "artifacts": [
        ".\\run_20251005_1336\\audit\\G1\\features_health.json",
        ".\\run_20251005_1336\\audit\\G1\\fix_report.md",
        ".\\run_20251005_1336\\audit\\G1\\g1_report.md",
        ".\\run_20251005_1336\\audit\\G1\\redundancy_matrix.csv",
        ".\\run_20251005_1336\\audit\\G1\\smoke_tests.json"
      ]
    },
    {
      "gate": "G2",
      "id": "G2",
      "name": "G2",
      "decision": "REJECT",
      "reasons": null,
      "artifacts": [
        ".\\run_20251005_1336\\audit\\G2\\g2_candidates.csv",
        ".\\run_20251005_1336\\audit\\G2\\g2_report.md"
      ]
    },
    {
      "gate": "G3",
      "id": "G3",
      "name": "G3",
      "decision": "PASS",
      "reasons": "NEEDS_DATA/FEATURES: synthetic examples used",
      "artifacts": [
        ".\\run_20251005_1336\\audit\\G3\\costs_breakdown.csv",
        ".\\run_20251005_1336\\audit\\G3\\g3_findings.md",
        ".\\run_20251005_1336\\audit\\G3\\g3_metrics.json",
        ".\\run_20251005_1336\\audit\\G3\\g3_report.md"
      ]
    },
    {
      "gate": "G4",
      "id": "G4",
      "name": "G4",
      "decision": "NEEDS_THRESHOLD",
      "reasons": null,
      "artifacts": [
        ".\\run_20251005_1336\\audit\\G4\\fills.csv",
        ".\\run_20251005_1336\\audit\\G4\\g4_findings.md",
        ".\\run_20251005_1336\\audit\\G4\\g4_metrics.json",
        ".\\run_20251005_1336\\audit\\G4\\g4_report.md",
        ".\\run_20251005_1336\\audit\\G4\\orders.csv"
      ]
    },
    {
      "gate": "G5",
      "id": "G5",
      "name": "G5",
      "decision": "REJECT",
      "reasons": null,
      "artifacts": [
        ".\\run_20251005_1336\\audit\\G5\\g5_report.md",
        ".\\run_20251005_1336\\audit\\G5\\wfo_summary.json",
        ".\\run_20251005_1336\\audit\\G5\\wfo_table.csv"
      ]
    },
    {
      "gate": "G6",
      "id": "G6",
      "name": "G6",
      "decision": "REJECT",
      "reasons": null,
      "artifacts": [
        ".\\run_20251005_1336\\audit\\G6\\g6_report.md",
        ".\\run_20251005_1336\\audit\\G6\\stress_inputs.json",
        ".\\run_20251005_1336\\audit\\G6\\triggers.csv"
      ]
    }
  ],
  "overall_decision": "REJECT",
  "seed": 1337
}
